title_number,title
702,小緋縅(kohiodoshi)
246,"고백, 꽃, 늑대"
226,"고백, 꽃, 늑대 part.2"
420,"공성전 ~Pierre Blanche, Yonce Remix~"
421,광명의 루 : 루 라바다
442,꿈의 기억 (feat. Jisun)
247,내게로 와
464,너랑 있으면
419,너로피어오라
462,너로피어오라 ~Original Ver.~
248,너에게
547,너에게로 갈래
527,느낌
620,덫
621,따라와
622,"때론, 냉정도 필요해"
504,모짜르트 교향곡 40번 1악장
101,바람에게 부탁해
102,바람에게 부탁해 ~Live Mix~
202,바람의 기억
505,밤비(Bambi) - DJMAX Edit -
587,별빛너머
484,별빛정원
146,복수혈전
422,부여성 ~Blosso Remix~
0,비상 ~Stay With Me~
417,서울여자
48,설레임
298,설레임 Part.2
623,성장통 [ScreaM Records]
423,소년 모험가 ~SiNA Remix~
103,아침형 인간
412,안아줘
424,어릴적 할머니가 들려주신 옛 전설
425,연합군과 제국군
385,염라
548,염라 ~Original Ver.~
249,영원
299,유령
426,전설이 시작된 곳 ~VoidRover Remix~
427,죽음의 신 : 크로우 크루아흐
428,최종무곡
429,카트라이더 Mashup ~Cosmograph Remix~
430,카트라이더 Mashup ~Pure 100% Remix~
431,"카트라이더, 크레이지아케이드, 버블파이터 Main theme ~CHUCK Remix~"
49,태권부리
624,평행고백 ~Pan Remix~
104,피아노 협주곡 1번
274,혜성
549,!!New Game Start!!
733,#1f1e33
506,#mine (feat. Riho Iwamoto)
654,1! 2! 3! 4! Streaming rn CHU!
1,2Nite
588,3:33
50,A Lie
203,A Lie ~Deep Inside Mix~
300,A Life With You
543,A Site De La Rue
485,A Song of Sixpence
105,A.I
589,Accelerate
350,Access
301,AD2222
302,AD2222 ~Extended Mix~
550,ADDICT!ON (DJMAX Edit)
687,After School Dessert
734,AI[UE]OON
480,Airlock
327,Airwave
373,Airwave ~Extended Mix~
370,ALiCE
685,alliance
2,Alone
441,Alone
3,Always
270,ANALYS
303,Angel
275,Angelic Sphere
483,Angelic Tears
276,ANiMA
51,Another DAY
432,Apparition
528,Appeal
529,Aquaris
443,Arcade Love (feat. KNVWN)
351,Area 7
570,Ariant ~ned Remix~
4,Armored Phantom
607,Ashita e no Kodou
106,Astro Fight
172,Attack
463,Aurora Borealis
625,Away
285,AXION
735,Axium Crisis
655,B!G-BANG CHALLENGE
530,Back for more
486,Back to Life
551,Back to the oldschool
304,Bamboo on Bamboo
465,Bang!!
376,Barbarous Funera
626,Basement
227,Beat U Down
5,Beautiful Day
388,Become Myself
328,BEE-U-TIFUL
590,Behemoth
627,Bestie
352,Beyond the Future
6,Beyond Yourself
7,Binary World
173,BLACK GOLD
192,Black MInD
305,Black Swan
8,BlackCat
159,Bleed
608,Blue Destination
617,BlueWhite
107,BlythE
9,Boom!
52,Brain Storm
53,Brand NEW Days
54,Brave it Out
223,Break a Spell
656,break it down!
628,Break Out
389,Break!
108,Bright Dream
507,Bright Future
723,Bring The Techno
629,Broken Sphere
10,"Bullet, Wanted!"
688,Bunny Bunny Carrot Carrot
329,Burn it Down
55,Bye Bye Love
204,Bye Bye Love ~Nu Jazz Mix~
109,Can We Talk
586,Can We Talk (Broken Dog Leg Mix)
466,can you feel it
591,Carrot Carrot
657,Cata (feat. NC.A)
110,Catch Me
205,Catch You
571,Catch Your Dreams!
569,Celestial Tears
56,Chain of Gravity
508,Charming World
703,Checkmate (feat. Re.may)
271,Chemical Slave
658,Cheonmasan
57,Cherokee
11,Child of Night
704,CHiNEM4TiC
111,Chrono Breakers
444,Chrysanthemum
250,Closer
112,CnP
251,Coastal Tempo
445,Cocked Pistol
286,CODE NAME : ZERO
252,Color
228,Colours of Sorrow
467,Comet Coaster
531,Complex
287,conflict
433,Constant Moderato
164,Cosmic Elevator
330,Cosmic Fantastic Lovesong
630,Cotton Candy Soda
331,Cozy Quilt
253,Creator
592,Critical Point
468,Cthugha
736,Cyaegha
379,Cyberozar
229,Cypher Gate
332,D2
386,Dance of the Dead
526,Dancin' Planet
254,Dark ENVY
546,Dark Lightning
306,Dark Prism
469,DataErr0r
446,Daydream
481,Daylight
552,Deadly Bomber
353,Dear my Lady
487,Deborah
659,Delusion (feat. SOONHO)
230,Desperado
390,Desperado ~Nu Skool Mix~
724,Destrocode
553,DIE IN
631,Diomedes
674,Diomedes ~Extended Mix~
509,Disappearing Act
58,DIVINE SERVICE
354,DJMAX
705,"DJ조선 (feat. 이오몽, 판다랑)"
174,Do it
675,DO IT!
372,Do you want it
554,Don't Cry
12,Don't Die
113,Dreadnought
277,Dream
307,Dream Again
175,Dream it
333,Dream of Winds
59,Dream of You
334,Dual Strikers
721,DUKA -Special Edit-
572,Dynamic Universe
470,Dysthymia
593,ECiLA
308,EGG
309,EGG ~Extended Mix~
114,Elastic STAR
255,Electronics
660,ELIXIR
288,EMber
310,Emblem
510,Emerge
641,Empty Your Mind 1st
371,End of Mythology
115,End of the Moonlight
116,Enemy Storm
391,Enemy Storm ~Dark Jungle Mix~
471,ENERGY SYNERGY MATRIX
13,Enter The Universe
289,Entrance
532,Envy Mask
642,Equator Line 1st
676,Eternal Damnation
488,Eternal Fantasy (Miya Vocal Mix)
335,Eternal Fantasy ~유니의 꿈~
117,Eternal Memory ~소녀의 꿈~
511,Every Day ~ Every Night
392,Everything
118,Extreme Z4
573,Fairytale ~Pan Remix~
60,Fallen Angel
311,Fallin' in LUV
447,FALLING IN LOVE
176,Fancy Night
737,Far Away Light
14,Far East Princess
256,Fate
119,FEAR
165,Feel
312,Feel Ma Beat
61,Fentanest
231,Fermion
489,Festa Nova
120,Fever GJ
232,Fever Pitch Girl
177,FIGHT NIGHT (feat. Calyae)
643,Fiji -Paraiso Mix- (Eternal Paradise)
632,Final Hour (Game Ver.)
633,Final Round
257,First Kiss
258,Flea
15,Fly Away
706,Fly with me (feat. 황정미)
62,For Seasons
206,For Seasons ~Air Guitar Mix~
63,For the IKARUS
448,Forgotten
738,Fracture Ray
259,Freedom
568,From Hell to Breakfast
377,Frontline
574,Frozen Link
121,FTR
512,Fundamental
122,Funky Chups
355,Fury
123,Futurism
380,Garakuta Doll Play
609,GENESIS BEYOND THE BEGINNING
233,Get Down
162,Get Jinxed
64,Get on Top
65,GET OUT
207,GET OUT ~Hip Noodle Mix~
157,Ghost Voices
313,Give Me 5
16,glory day
410,glory day (Mintorment Remix)
411,glory day -JHS Remix-
594,glory MAX -나의 최대치로 너와 함께할게-
555,Gloxinia
689,Goal Wo Nerae!
595,God Machine
393,Gone Astray
66,Good Bye
193,"Good Night, Bad Luck."
194,Got more raves?
234,Grave Consequence
690,Gregorius | Symphony
387,Grid System
739,Grievous Lady
195,Groove Prayer
17,Groovin Up
677,HALO
124,HAMSIN
394,Hanz up!
196,HB-axeleration
235,Heart of Witch
644,Heat Haze Shadow
18,Heavenly
413,HELIX
556,Hell'o
67,Hello Pinky
260,Here in the Moment
375,Here in the Moment ~Extended Mix~
707,Hero
356,HEXAD
691,Hifumi Daisuki
692,HIGH5LANDER
68,Higher
661,Hikari (feat. Negoto Bunnyla)
224,Holy Orders (Be Just Or Be Dead)
357,Honeymoon
557,Hyper Drive
678,Hyperboloid
558,Hypernaid
725,I wanna make some NO!ZE
358,I want You
297,I want You ~반짝 반짝 Sunshine~
449,I’ve got a feeling
395,IF
381,Ikazuchi
542,I'M ALIVE
708,I'm Dizzy
450,Imaginary dance
236,In my Dream
261,In My Heart
414,In My Heart ~ESTi Remix~
610,Inevitable Struggle
640,Insane Drift
596,Inside the Light
434,It's my war now
726,IWTEYI
125,JBG
237,Jealousy
679,JELLYFISH
126,Jupiter Driving
662,Kakera
490,Kal_wrnw
619,Kamui
178,Kensei
238,Keys to the World
513,KICK IT
653,Kill Trap
19,KILLER BEE
160,Kingdom
645,Kitsch
166,Knowledge System
472,Koi no Moonlight
663,Krush
127,KUDA
20,Kung Brother
314,Kung-Fu Rider
290,L
336,La Campanella : Nu Rave
709,Labyrinth of Tears
435,"Lacheln, The City of Dreams"
69,Ladymade Star
359,Landscape
575,Leafre (EDM ver.)
396,Leave me alone
278,Legacy
128,Lemonade
291,Les Parfums de L'Amour
680,Let's Burn
129,Let's Go Baby
21,Liar
634,Licrom
533,Lie Lie
22,Lift You Up
130,Light House
473,Lights of Muse
559,Like a Fool
544,LIMBO
179,Lisrim
131,Long Vacation
534,Look out ~Here comes my love~
741,Lost Desire (feat.Sennzai)
70,Lost n' found
180,Lost Serenity
181,Lost Temple
337,Love is Beautiful
262,Love Mode
664,Love or Die
710,"Love, Epilogue (feat. mill)"
560,Love.Game.Money
239,Lovely hands
240,Lover (BS Style)
263,Lover (CE Style)
491,Love☆Panic
693,Luminous Memory
561,LUV
132,Luv Flow
397,Luv Flow ~Funky House Mix~
398,Luv is True
492,Luv Yourself
740,Löschen
665,Mad (feat. WaMi)
666,MADNESS (feat. 유일(U1))
279,Magnolia
182,Maharajah -fenomeno edition-
742,Malicious Mischance
292,Mammal
225,Marionette
197,"Marry me, Nightmare"
133,MASAI
399,MASAI ~Electro House Mix~
727,MAX POWER (feat. Larakay)
400,Mellow D Fantasy
360,Melody
451,Melonaid
71,Memoirs
134,Memory of Beach
72,Mess it Up
535,Metagalactic
73,Midnight Blood
74,Miles
208,Mind Control
135,Minimal Life
75,Minus 3
743,MIRINAE (DJMAX Edit)
576,Missing You ~SOPHI Remix~
514,Misty E'ra 'Mui'
183,Misty Er'A
667,Misty Er'A ~One Day~
711,mochimochi
515,Moment (feat. Nauts)
338,MonoXide
577,Moonlight Shadow ~Paul Bazooka Remix~
646,Moonlit Wilderness
647,Moonsiders 1st
184,Move Yourself
525,Mr.Lonely
493,Mukilteo Beach
23,Mulch
474,MUSEDASH!!!!
76,My Alias
315,"My Heart, My Soul"
209,My Jealousy
648,My Last Stand
597,My Wonderland
293,Myosotis
185,NANAIRO
77,NANO RISK
681,Nature Fortress
210,NB Girls
78,NB POWER
136,NB RANGER
24,NB RANGER - Virgin Force
401,NB Ranger : Nonstop Remix
516,NB RANGERS - 운명의 Destiny
79,NB RANGERS : Returns
80,Negative Nature
744,NEO WINGS
25,NEON 1989 (ESTi Remix)
186,Never Die
494,Never Ending TECHNIKA
452,Never let you go
137,Never Say
222,Nevermind
562,New World
81,Nightmare
536,Nihilism
280,Nine point eight
611,NORSE WIND
339,Nova ~Mr.Funky Remix~
316,Now a NEW Day
635,O'men
415,Obelisque
138,OBLIVION
139,OBLIVION (Rockin' Night Style)
453,Odysseus
294,Old Gold
140,ON
141,One the Love
26,Only for you
27,OPEN FIRE
694,Operation☆DOTABATA!
482,OrBiTal
198,ouroboros -twin stroke of the end-
142,Out Law
402,Out Law : Reborn
317,Out of CTRL
668,Outcast (feat. BIRA)
454,Over Me
199,OVER THE NIGHT
318,Over the Rainbow
28,Over Your Dream
695,Oxygen Destroyer
475,Pancake is Love
143,Para-Q
598,Paradise
241,PDM
599,Peace Comes At a Price
636,Petunia
82,Phantom Of Sky
686,Phoenix Virus
712,Phylma
600,Pitter-patter
517,Plasma Sphere
83,plastic method
361,Play the Future
696,Polyphonic
649,Poolside
163,POP/STARS
669,Pull The Trigger
476,PUPA
722,PUPA (xi Remix)
340,Put'Em Up
341,Puzzler
29,quixotic
342,Rage Of Demon
403,Raise me up
697,Raise the Huddle
144,Ray of Illuminati
382,Ray Tuning
698,RE Aoharu
618,Re:BIRTH
242,Ready Now
167,Real Over Drive
145,RED
455,Red Eyes
745,Redolent Shape
418,Relation Again (ESTi's Remix)
30,Remains Of Doom
362,Remember
187,Remember Me
436,Reminiscence
495,Renovation
496,Retention
601,Revenger
602,Rhapsody for The VEndetta
637,Rhythm In My Head
319,Right Back
84,Right Now
603,Right Time [ScreaM Records]
670,RIPPER
713,Rise Up
269,Rising The Sonic
147,Road Of Death
148,Rock Or Die
85,Rocka-a-doodle-doo
604,Rocket Launcher
671,Rocket Ride
272,RockSTAR
86,Rolling On the Duck
31,Royal Clown
32,Runaway
33,Running girl
714,Rusty Shell
243,Ruti'n
34,Ruti'n (GOTH Wild Electro Remix)
605,S.A.V.E
158,Sad Machine
672,Saga Script
281,Sairai
537,Sand Storm
728,Sandevistan
200,Satisfiction
682,Saturday
149,Save My Dream
343,Say it from your heart
404,Season (Warm Mix)
518,Secret
35,Secret Dejavu
244,Secret World
87,Seeker
519,Set Me Free
36,Shadow Flower
715,Shimmer (feat. Kinoko)
606,Shining Light (feat. Shabel Tonya)
497,Shining My Boy
295,Shoot out
363,Shoreline
320,Showdown
538,Showdown
88,Showtime
321,SigNalize
498,Silent Clarity
612,Silver Will
150,SIN
151,SIN ~The Last Scene~
683,SINister Evolution
578,Smile
89,Smoky Quartz
161,So Happy
90,sO mUCH iN LUV
211,sO mUCH iN LUV ~Melodic Twisted Mix~
684,Sold on Your Love
212,Someday
364,SON OF SUN
374,SON OF SUN ~Extended Mix~
638,Song For You
188,Space Challenger
520,Space Dream (feat. J.O.Y)
168,Space of Soul
539,Sparrow
91,SQUEEZE
92,STALKER
579,Star Bubble
93,StarFish
437,Start The Adventure ~SOPHI Remix~
540,Stay
563,Stay Alive
94,Stay with me
521,STEP
613,STEP AHEAD
564,Stolen Memory
213,STOP
729,STOP
580,Story of Maple
214,Streetlight
716,Summer Fling
152,Sunny Side
153,Sunny Side (deepn'soul Mix)
95,Sunset Rider
614,SUNSHINE COASTLINE
169,Super lovely
322,Supernova
365,SuperSonic
323,Supersonic 2011
405,SuperSonic ~Mr.Funky Dirty Planet Remix~
585,SURVIVOR
344,Sweet Dream
456,Sweet On You
366,Sweet Shining Shooting Star
639,Synchronize
717,Synchronized Resonance
96,Syriana
215,Syriana ~Blast Wave Mix~
499,Take on Me
216,Talk! Talk!
477,tape/stop/night
438,Tayberrs - Collapsed Paradise
503,Techno Racer
650,Tekken Tag Tournament Piano Intro -Massive True Mix-
264,Tell Me
581,Temple of Time (EDM ver.)
154,Temptation
478,The 90's Decision
265,The Clear Blue Sky
651,The Decisive Blow (Normal)
730,The Edge
37,The Feelings
565,The Four Seasons : Summer 2017
345,The Guilty
582,The Lake of Oblivion ~jam-jam Remix~
367,The Last Dance
439,The Little Adventurer
38,The Lost Story
731,The Lost World
500,The MAX
266,The Night Stage
39,The Obliterator
217,The One
406,The Rain Maker
440,The Raindrop Flower ~jam-jam Remix~
583,The Tune of the Azure Light ~Parang Remix~
718,The Universe
383,The wheel to the right
719,thinking!
368,Thor
501,Thor (Deepin' Absonant Mix)
346,Thor (Extended Mix)
522,Tic! Tac! Toe!
615,TO MAKE THE END OF BATTLE
616,To the Future.
40,Tok! Tok! Tok!
699,Tok9 Train
673,TOXIC (feat. Shabel Tonya)
746,trappola bewitching
347,Trip
155,Triple Zoe
384,Trrricksters!!
41,U.A.D
747,ultradiaxon-N3
457,Underwater Castle
282,Undo
416,U-NIVUS
700,Unwelcome School
170,Urban Night
267,Urban Night
701,Usagi Flap
283,Utopiosphere
42,v o l d e n u i t
218,Ventilator
566,Vertical Eclipse
458,Vertical Floating
296,Ververg
189,Vile Requiem
720,Violent (feat. SAINT MILLER)
43,Void
502,VORTEX
369,Voyage
459,Voyage
44,waiting for me
407,Waiting for the Sun
45,Waiting for you
324,Wanna Be Your Lover
201,Warrior
273,Watch Your Step
732,We all want to be loved (feat. BIRA)
46,We're All Gonna Die
567,Weaponize
541,Weird Wave
190,welcome to the space (feat. Jisun)
378,What am I fighting for?
584,Where Stars Rest
97,WhiteBlue
47,WHY
523,Winners
460,Won't Back Down
191,WONDER $LOT 777
325,Xeus
479,XING
348,XLASHER
245,Y (BS Style)
268,Y (CE Style)
349,Y ~Extended Mix~
156,Ya! Party!
98,Yellowberry (AJ Mix)
99,Yo Creo Que Si
219,Yo Creo Que Si ~Live House Version~
171,Yo! Max!
652,Yodeling in meadow hill (Hidden Retreat)
326,You & Me
100,Your Own Miracle
220,Your Own Miracle ~Disco House Mix~
408,Your Smile
284,YUBIKIRI-GENMAN
461,Zero to the hunnit
524,Zero-Break
545,Zeroize
221,ZET
409,ZET ~Mr.Funky Remix~
